tmdbId,poster_path,poster_url
82990,/na5tAslm1kGNcft083AIXMTOsYR.jpg,https://image.tmdb.org/t/p/w500/na5tAslm1kGNcft083AIXMTOsYR.jpg
94348,/bQYXid9o6nunJBgmmjo6JFIQe1p.jpg,https://image.tmdb.org/t/p/w500/bQYXid9o6nunJBgmmjo6JFIQe1p.jpg
75736,/mbDQA2a3H9CbEHr7bDkaqxAGDO1.jpg,https://image.tmdb.org/t/p/w500/mbDQA2a3H9CbEHr7bDkaqxAGDO1.jpg
80280,/tI1534q0Up7PBcLdXdFerLmIXn3.jpg,https://image.tmdb.org/t/p/w500/tI1534q0Up7PBcLdXdFerLmIXn3.jpg
99770,/rbdGCkvLPxuSvfVwHDK4PmOqmIm.jpg,https://image.tmdb.org/t/p/w500/rbdGCkvLPxuSvfVwHDK4PmOqmIm.jpg
83542,/8naVv2Xu3rWI5JKHz0vCujx6GaJ.jpg,https://image.tmdb.org/t/p/w500/8naVv2Xu3rWI5JKHz0vCujx6GaJ.jpg
72867,/358FTzyn2TusjvdqoW0lLMr7KTY.jpg,https://image.tmdb.org/t/p/w500/358FTzyn2TusjvdqoW0lLMr7KTY.jpg
61012,/xBC7bHZ5UglTw4LMd2lTSgXvQXl.jpg,https://image.tmdb.org/t/p/w500/xBC7bHZ5UglTw4LMd2lTSgXvQXl.jpg
87826,/g3ZjNkQP4M7Cs0clPD9q7EO2P1g.jpg,https://image.tmdb.org/t/p/w500/g3ZjNkQP4M7Cs0clPD9q7EO2P1g.jpg
126797,/tqwstYXYKtosbsIHMJdz3FOcCjs.jpg,https://image.tmdb.org/t/p/w500/tqwstYXYKtosbsIHMJdz3FOcCjs.jpg
84287,/fq1MMkiKjCLUO0rZf8FL1JdjHAw.jpg,https://image.tmdb.org/t/p/w500/fq1MMkiKjCLUO0rZf8FL1JdjHAw.jpg
64689,/heaz45kpFa4Oa7iLis0OBas68ls.jpg,https://image.tmdb.org/t/p/w500/heaz45kpFa4Oa7iLis0OBas68ls.jpg
113947,/57o1DBc5DfJXVc8wArAblSbZ8sD.jpg,https://image.tmdb.org/t/p/w500/57o1DBc5DfJXVc8wArAblSbZ8sD.jpg
84341,/d4b2k3bB5C6AC9s3FFZhjZw7rB1.jpg,https://image.tmdb.org/t/p/w500/d4b2k3bB5C6AC9s3FFZhjZw7rB1.jpg
82690,/zWoIgZ7mgmPkaZjG0102BSKFIqQ.jpg,https://image.tmdb.org/t/p/w500/zWoIgZ7mgmPkaZjG0102BSKFIqQ.jpg
82693,/y7iOVneBvITlBdhy6tVqXVOa1Js.jpg,https://image.tmdb.org/t/p/w500/y7iOVneBvITlBdhy6tVqXVOa1Js.jpg
87502,/1AjXgBM2lkpG3FLQO0f6AK3Bi1e.jpg,https://image.tmdb.org/t/p/w500/1AjXgBM2lkpG3FLQO0f6AK3Bi1e.jpg
96724,/2DvjkCbmlg8sbBHZKUZvYPgsT5V.jpg,https://image.tmdb.org/t/p/w500/2DvjkCbmlg8sbBHZKUZvYPgsT5V.jpg
97430,/nHgkRj6Igx3QsHmTyF4oAfBjAE7.jpg,https://image.tmdb.org/t/p/w500/nHgkRj6Igx3QsHmTyF4oAfBjAE7.jpg
87827,/iLgRu4hhSr6V1uManX6ukDriiSc.jpg,https://image.tmdb.org/t/p/w500/iLgRu4hhSr6V1uManX6ukDriiSc.jpg
123105,/fnmYgr4AOOE09zKa7omPW1FWT8K.jpg,https://image.tmdb.org/t/p/w500/fnmYgr4AOOE09zKa7omPW1FWT8K.jpg
65851,/o0cILOYbqfppTLAhkI2tzA2BWtX.jpg,https://image.tmdb.org/t/p/w500/o0cILOYbqfppTLAhkI2tzA2BWtX.jpg
98631,/s6T399aAmPNQEK8Uf4MImlQdiil.jpg,https://image.tmdb.org/t/p/w500/s6T399aAmPNQEK8Uf4MImlQdiil.jpg
80215,/2B1IqPg97ZhpEov4Fg3si4hI1Kw.jpg,https://image.tmdb.org/t/p/w500/2B1IqPg97ZhpEov4Fg3si4hI1Kw.jpg
123025,/kkjTbwV1Xnj8wBL52PjOcXzTbnb.jpg,https://image.tmdb.org/t/p/w500/kkjTbwV1Xnj8wBL52PjOcXzTbnb.jpg
72976,/5KeUqW6DpVtf8G9VMuI2l0XIPCo.jpg,https://image.tmdb.org/t/p/w500/5KeUqW6DpVtf8G9VMuI2l0XIPCo.jpg
135708,/xq20qo5gj5eMnDY0bdZDktrLyrl.jpg,https://image.tmdb.org/t/p/w500/xq20qo5gj5eMnDY0bdZDktrLyrl.jpg
73935,/sW4MFTfW88Ii8TyZVD7oprzzhOU.jpg,https://image.tmdb.org/t/p/w500/sW4MFTfW88Ii8TyZVD7oprzzhOU.jpg
50620,/7IGdPaKujv0BjI0Zd0m0a4CzEjJ.jpg,https://image.tmdb.org/t/p/w500/7IGdPaKujv0BjI0Zd0m0a4CzEjJ.jpg
58547,/AuCM5jU751cMLKOtHybzUoL6RaX.jpg,https://image.tmdb.org/t/p/w500/AuCM5jU751cMLKOtHybzUoL6RaX.jpg
60747,/aHdxKDX36NOEYE2NyAyP7ThuAcm.jpg,https://image.tmdb.org/t/p/w500/aHdxKDX36NOEYE2NyAyP7ThuAcm.jpg
81188,/sW4qOa9yF0Ikg7lppncQ0n5UhKX.jpg,https://image.tmdb.org/t/p/w500/sW4qOa9yF0Ikg7lppncQ0n5UhKX.jpg
101519,/sMZyKSo8b47VW1h2zjjGUZIefV1.jpg,https://image.tmdb.org/t/p/w500/sMZyKSo8b47VW1h2zjjGUZIefV1.jpg
97614,/5ZM6uKhuEzWZD3xklmqKPuvq1Nj.jpg,https://image.tmdb.org/t/p/w500/5ZM6uKhuEzWZD3xklmqKPuvq1Nj.jpg
102780,/gJBPca7enfDFQ0UqmkIiE5XkxEV.jpg,https://image.tmdb.org/t/p/w500/gJBPca7enfDFQ0UqmkIiE5XkxEV.jpg
140420,/9tvF744hwTm2Bn9hkDjMfEsysKz.jpg,https://image.tmdb.org/t/p/w500/9tvF744hwTm2Bn9hkDjMfEsysKz.jpg
19274,/bmQR6gtoBJHUkgALLb1eGruKPll.jpg,https://image.tmdb.org/t/p/w500/bmQR6gtoBJHUkgALLb1eGruKPll.jpg
18867,/lH11m3LC8itFSTWzkS4xVYL6nB.jpg,https://image.tmdb.org/t/p/w500/lH11m3LC8itFSTWzkS4xVYL6nB.jpg
112336,/zlG4QzB00VM6QHUmRkKaboCOgat.jpg,https://image.tmdb.org/t/p/w500/zlG4QzB00VM6QHUmRkKaboCOgat.jpg
83389,/rRLYX4RZIyloHSJwvZKAhphAjiB.jpg,https://image.tmdb.org/t/p/w500/rRLYX4RZIyloHSJwvZKAhphAjiB.jpg
71883,/yUkH0y9OsY7J08Dvfzi1P0di559.jpg,https://image.tmdb.org/t/p/w500/yUkH0y9OsY7J08Dvfzi1P0di559.jpg
10044,/dZzHBIcJsld2XMvwR75OZGf4NM2.jpg,https://image.tmdb.org/t/p/w500/dZzHBIcJsld2XMvwR75OZGf4NM2.jpg
34280,/gvosLvAL2eySnt9FrtoL3c7KJP9.jpg,https://image.tmdb.org/t/p/w500/gvosLvAL2eySnt9FrtoL3c7KJP9.jpg
25539,/ngFYme3fGnwkssHkPXZr3peI6iW.jpg,https://image.tmdb.org/t/p/w500/ngFYme3fGnwkssHkPXZr3peI6iW.jpg
110392,/b8AKAb65f0CyuYM9FBkFYxePAlu.jpg,https://image.tmdb.org/t/p/w500/b8AKAb65f0CyuYM9FBkFYxePAlu.jpg
49051,/yHA9Fc37VmpUA5UncTxxo3rTGVA.jpg,https://image.tmdb.org/t/p/w500/yHA9Fc37VmpUA5UncTxxo3rTGVA.jpg
40722,/A3LppVfwslUokTyETpclKwGAXSM.jpg,https://image.tmdb.org/t/p/w500/A3LppVfwslUokTyETpclKwGAXSM.jpg
87504,/fPqQ4lM1f4bkbpJ9J5Gt8QJRY5D.jpg,https://image.tmdb.org/t/p/w500/fPqQ4lM1f4bkbpJ9J5Gt8QJRY5D.jpg
139567,/kziBJGQFo9f0Vkj9s37qI0G9I0I.jpg,https://image.tmdb.org/t/p/w500/kziBJGQFo9f0Vkj9s37qI0G9I0I.jpg
97630,/wNSdSSxowM3WIqmPJNg3RagYbwP.jpg,https://image.tmdb.org/t/p/w500/wNSdSSxowM3WIqmPJNg3RagYbwP.jpg
82654,/8XAX6KaqNGcLXcwoDwxyU0bxhxm.jpg,https://image.tmdb.org/t/p/w500/8XAX6KaqNGcLXcwoDwxyU0bxhxm.jpg
75780,/uQBbjrLVsUibWxNDGA4Czzo8lwz.jpg,https://image.tmdb.org/t/p/w500/uQBbjrLVsUibWxNDGA4Czzo8lwz.jpg
83186,/k6IvmVvfsoIL8HNVusb4oAQr6Rk.jpg,https://image.tmdb.org/t/p/w500/k6IvmVvfsoIL8HNVusb4oAQr6Rk.jpg
77875,/jYv6MqOoAIpxZd6ydJ4S5S2QHDZ.jpg,https://image.tmdb.org/t/p/w500/jYv6MqOoAIpxZd6ydJ4S5S2QHDZ.jpg
82687,/55JqWqocsMNx5uanELDRDFqu40J.jpg,https://image.tmdb.org/t/p/w500/55JqWqocsMNx5uanELDRDFqu40J.jpg
68718,/7oWY8VDWW7thTzWh3OKYRkWUlD5.jpg,https://image.tmdb.org/t/p/w500/7oWY8VDWW7thTzWh3OKYRkWUlD5.jpg
89492,/qoK8bMRM9qBObxLSkW9nQ5P9XhE.jpg,https://image.tmdb.org/t/p/w500/qoK8bMRM9qBObxLSkW9nQ5P9XhE.jpg
41153,/dCbFIzq64uUo5ZR4W3vLFhaJenk.jpg,https://image.tmdb.org/t/p/w500/dCbFIzq64uUo5ZR4W3vLFhaJenk.jpg
44470,/c6ZouvwSkBPnmKVjeBDwdA44Tx8.jpg,https://image.tmdb.org/t/p/w500/c6ZouvwSkBPnmKVjeBDwdA44Tx8.jpg
80278,/k0DLCiDbnYywOHiISALbl2EH2NE.jpg,https://image.tmdb.org/t/p/w500/k0DLCiDbnYywOHiISALbl2EH2NE.jpg
82695,/6CuzBs2Lb8At7qQr64mLXg2RYRb.jpg,https://image.tmdb.org/t/p/w500/6CuzBs2Lb8At7qQr64mLXg2RYRb.jpg
16315,/wcYwgCJioHteh7g0RaZ9Y8sEhvY.jpg,https://image.tmdb.org/t/p/w500/wcYwgCJioHteh7g0RaZ9Y8sEhvY.jpg
88042,/815zxi87kTUvleFHjnE5SNzWmVZ.jpg,https://image.tmdb.org/t/p/w500/815zxi87kTUvleFHjnE5SNzWmVZ.jpg
75761,/1IsviP0Tb05xUAFWz5b7FJ0qIHP.jpg,https://image.tmdb.org/t/p/w500/1IsviP0Tb05xUAFWz5b7FJ0qIHP.jpg
133694,/ziVOzoGfmHD5F90LyeCkBnwuTkP.jpg,https://image.tmdb.org/t/p/w500/ziVOzoGfmHD5F90LyeCkBnwuTkP.jpg
118628,/ccEVR8sf18psGH5daio9y7OGu93.jpg,https://image.tmdb.org/t/p/w500/ccEVR8sf18psGH5daio9y7OGu93.jpg
38010,/9boTcyjQ4IMnosjrFYhTyFsD7F4.jpg,https://image.tmdb.org/t/p/w500/9boTcyjQ4IMnosjrFYhTyFsD7F4.jpg
76617,/qaPvvHP1kKlQaUAXQZQAWitqBOT.jpg,https://image.tmdb.org/t/p/w500/qaPvvHP1kKlQaUAXQZQAWitqBOT.jpg
82682,/1eW9kFSuTQfyMvZKtxlnwKRBvI.jpg,https://image.tmdb.org/t/p/w500/1eW9kFSuTQfyMvZKtxlnwKRBvI.jpg
68812,/56KPE9tPYh2WBdnUMq9EIOwEXGQ.jpg,https://image.tmdb.org/t/p/w500/56KPE9tPYh2WBdnUMq9EIOwEXGQ.jpg
142061,/arEZYd6uMOFTILne9Ux0A8qctMe.jpg,https://image.tmdb.org/t/p/w500/arEZYd6uMOFTILne9Ux0A8qctMe.jpg
105538,/5zxtGLnd87j6cQZlFjnRZzrrNLI.jpg,https://image.tmdb.org/t/p/w500/5zxtGLnd87j6cQZlFjnRZzrrNLI.jpg
135921,/j7ibOc2uYDZbIr7T0aaFMdIi6Ud.jpg,https://image.tmdb.org/t/p/w500/j7ibOc2uYDZbIr7T0aaFMdIi6Ud.jpg
76640,/3tP4r47v8v6mEj5X5RuG9y8Frbh.jpg,https://image.tmdb.org/t/p/w500/3tP4r47v8v6mEj5X5RuG9y8Frbh.jpg
84336,/ihkceEMJK4XtHXgw97ggsrE3ExP.jpg,https://image.tmdb.org/t/p/w500/ihkceEMJK4XtHXgw97ggsrE3ExP.jpg
145197,/zeV2KXaluXjXAq9wBg6Q0LHJjNm.jpg,https://image.tmdb.org/t/p/w500/zeV2KXaluXjXAq9wBg6Q0LHJjNm.jpg
85872,/752BCNz9uFiym29bqIsyOaPAln5.jpg,https://image.tmdb.org/t/p/w500/752BCNz9uFiym29bqIsyOaPAln5.jpg
87818,/uYa06GxHsCsELx9vOQ11vsT0Aa6.jpg,https://image.tmdb.org/t/p/w500/uYa06GxHsCsELx9vOQ11vsT0Aa6.jpg
128190,/tGmLQzLuok7qB0xVLv7s6rvUdl3.jpg,https://image.tmdb.org/t/p/w500/tGmLQzLuok7qB0xVLv7s6rvUdl3.jpg
193380,,
60304,/j343Rpj3WeNvP0SV80zveve70io.jpg,https://image.tmdb.org/t/p/w500/j343Rpj3WeNvP0SV80zveve70io.jpg
146837,/ospzpJrBaCorNQlZC6VFBqwwUjk.jpg,https://image.tmdb.org/t/p/w500/ospzpJrBaCorNQlZC6VFBqwwUjk.jpg
117974,/l52cpdZcVkEVTaLqga6xxSQoaKX.jpg,https://image.tmdb.org/t/p/w500/l52cpdZcVkEVTaLqga6xxSQoaKX.jpg
118677,/xEaVD2RJADGWUhlBkhGV0vQoHrP.jpg,https://image.tmdb.org/t/p/w500/xEaVD2RJADGWUhlBkhGV0vQoHrP.jpg
147538,,
93858,/mtr1ztUkJs6jsYdzK3gBLsuffr4.jpg,https://image.tmdb.org/t/p/w500/mtr1ztUkJs6jsYdzK3gBLsuffr4.jpg
58244,/wImo0dC72HRoI5QO85dGavmxW6q.jpg,https://image.tmdb.org/t/p/w500/wImo0dC72HRoI5QO85dGavmxW6q.jpg
162145,/4TdsXzigS6xYYO9Qn8oOQrZqX1M.jpg,https://image.tmdb.org/t/p/w500/4TdsXzigS6xYYO9Qn8oOQrZqX1M.jpg
121824,/pOXmX1rldFQv3rFkWwe4uqbPWPJ.jpg,https://image.tmdb.org/t/p/w500/pOXmX1rldFQv3rFkWwe4uqbPWPJ.jpg
18912,/7a4EHUOmvfY0jZTHA7qlOCGO9gv.jpg,https://image.tmdb.org/t/p/w500/7a4EHUOmvfY0jZTHA7qlOCGO9gv.jpg
109421,/dk10bwGyj8aRdOTl3EkgATEefh2.jpg,https://image.tmdb.org/t/p/w500/dk10bwGyj8aRdOTl3EkgATEefh2.jpg
109431,/lIliJCGoWT6tEVaDivLpXEf038w.jpg,https://image.tmdb.org/t/p/w500/lIliJCGoWT6tEVaDivLpXEf038w.jpg
69372,,
87436,/k3TcTGCgvvvhAiW9pkyWNz9CoNN.jpg,https://image.tmdb.org/t/p/w500/k3TcTGCgvvvhAiW9pkyWNz9CoNN.jpg
109491,/t7PWQHpJHb2ozALCfaPaC5aHxBs.jpg,https://image.tmdb.org/t/p/w500/t7PWQHpJHb2ozALCfaPaC5aHxBs.jpg
47964,/qJ0csDXAVFMsNn0cRcjy6W6PxAK.jpg,https://image.tmdb.org/t/p/w500/qJ0csDXAVFMsNn0cRcjy6W6PxAK.jpg
107811,/ruPRsaWpSbHv2085k1bO2HbSAUV.jpg,https://image.tmdb.org/t/p/w500/ruPRsaWpSbHv2085k1bO2HbSAUV.jpg
112949,/2CbJ3HTb6SFbMeguYH52UQSHOwY.jpg,https://image.tmdb.org/t/p/w500/2CbJ3HTb6SFbMeguYH52UQSHOwY.jpg
123678,/sp5B7Tz5ttsgOLnIlCP5uEhtesI.jpg,https://image.tmdb.org/t/p/w500/sp5B7Tz5ttsgOLnIlCP5uEhtesI.jpg
122857,/4pefZa0U5h0avmdvRwWB4xjMFl6.jpg,https://image.tmdb.org/t/p/w500/4pefZa0U5h0avmdvRwWB4xjMFl6.jpg
68179,/9la0CSCJqwh6io3yk4Xv3aEZxEA.jpg,https://image.tmdb.org/t/p/w500/9la0CSCJqwh6io3yk4Xv3aEZxEA.jpg
132344,/qbGKJmNUroDz75kh5Oafoall89e.jpg,https://image.tmdb.org/t/p/w500/qbGKJmNUroDz75kh5Oafoall89e.jpg
134411,/1suKSCm8gVUIIOh4MgtWAtzkMe4.jpg,https://image.tmdb.org/t/p/w500/1suKSCm8gVUIIOh4MgtWAtzkMe4.jpg
145135,/euLgEo2kvuLjYxbfOekWF3l82t6.jpg,https://image.tmdb.org/t/p/w500/euLgEo2kvuLjYxbfOekWF3l82t6.jpg
130739,/gy58pmCztFrpxaRM9rGhv93LgCP.jpg,https://image.tmdb.org/t/p/w500/gy58pmCztFrpxaRM9rGhv93LgCP.jpg
170657,/XcFMQQfx1gMlh1RyEednP6frNC.jpg,https://image.tmdb.org/t/p/w500/XcFMQQfx1gMlh1RyEednP6frNC.jpg
28090,/NWeLUBpxn7lcMpCPvnTGmtHwmj.jpg,https://image.tmdb.org/t/p/w500/NWeLUBpxn7lcMpCPvnTGmtHwmj.jpg
81005,/9jSI7saUX9Qz0JLh19jX2ulEwL7.jpg,https://image.tmdb.org/t/p/w500/9jSI7saUX9Qz0JLh19jX2ulEwL7.jpg
129112,/w4iCIZ1kWSOCt0yELjfUMNAToUF.jpg,https://image.tmdb.org/t/p/w500/w4iCIZ1kWSOCt0yELjfUMNAToUF.jpg
59255,/3iuuvMNa3SxqAd3jrlLKhXEdW9a.jpg,https://image.tmdb.org/t/p/w500/3iuuvMNa3SxqAd3jrlLKhXEdW9a.jpg
43650,/6bt8qmhxVsgbxFLQCoAcekdCFiw.jpg,https://image.tmdb.org/t/p/w500/6bt8qmhxVsgbxFLQCoAcekdCFiw.jpg
72559,/nZKk8XA0VrvRSdMQvBAF5Nzniwo.jpg,https://image.tmdb.org/t/p/w500/nZKk8XA0VrvRSdMQvBAF5Nzniwo.jpg
86825,/sdmykiEBpNivXMeuxaEwyc0vxyM.jpg,https://image.tmdb.org/t/p/w500/sdmykiEBpNivXMeuxaEwyc0vxyM.jpg
68728,/tkzfAUEKoUp4YFNbZV9hfpZOz0z.jpg,https://image.tmdb.org/t/p/w500/tkzfAUEKoUp4YFNbZV9hfpZOz0z.jpg
49519,/27zvjVOtOi5ped1HSlJKNsKXkFH.jpg,https://image.tmdb.org/t/p/w500/27zvjVOtOi5ped1HSlJKNsKXkFH.jpg
124459,/Bl95sg5Ljo3Hu9SSL0JOvLerLh.jpg,https://image.tmdb.org/t/p/w500/Bl95sg5Ljo3Hu9SSL0JOvLerLh.jpg
158011,/bpYVSeoaQ8MURmmqnojoMJEUmQj.jpg,https://image.tmdb.org/t/p/w500/bpYVSeoaQ8MURmmqnojoMJEUmQj.jpg
117263,/gKnx04MxnKcf5uOdhHhAAkqcCg.jpg,https://image.tmdb.org/t/p/w500/gKnx04MxnKcf5uOdhHhAAkqcCg.jpg
84199,/tG6jUndWd9FRuvI4j5Z2bhTuq0V.jpg,https://image.tmdb.org/t/p/w500/tG6jUndWd9FRuvI4j5Z2bhTuq0V.jpg
55892,/f8VfbivexOy6ZUZTrqZsHz2vRPU.jpg,https://image.tmdb.org/t/p/w500/f8VfbivexOy6ZUZTrqZsHz2vRPU.jpg
127867,/6txTmb8OIimrQezgD8ERMmrrbnT.jpg,https://image.tmdb.org/t/p/w500/6txTmb8OIimrQezgD8ERMmrrbnT.jpg
134481,,
97367,/vY5j2xQzMGWmxBuhQo0HfA4Lxqb.jpg,https://image.tmdb.org/t/p/w500/vY5j2xQzMGWmxBuhQo0HfA4Lxqb.jpg
173153,/vGLqUtMmZPEes7q59GoNusNNtjY.jpg,https://image.tmdb.org/t/p/w500/vGLqUtMmZPEes7q59GoNusNNtjY.jpg
72710,/1mfIZw6WgkCX310eoe0Ys14c3Fi.jpg,https://image.tmdb.org/t/p/w500/1mfIZw6WgkCX310eoe0Ys14c3Fi.jpg
144340,/f3HoCikJxypRtLJptBwvs7L7etE.jpg,https://image.tmdb.org/t/p/w500/f3HoCikJxypRtLJptBwvs7L7etE.jpg
109428,/1gDV0Lm9y8ufIKzyf0h0GBgb9Zj.jpg,https://image.tmdb.org/t/p/w500/1gDV0Lm9y8ufIKzyf0h0GBgb9Zj.jpg
68727,/3MVYuyVknNA9yC0Gy6z3zDAiWfX.jpg,https://image.tmdb.org/t/p/w500/3MVYuyVknNA9yC0Gy6z3zDAiWfX.jpg
133698,/iPFBW4KaLyCdXwEsa2TXRBW0Jxe.jpg,https://image.tmdb.org/t/p/w500/iPFBW4KaLyCdXwEsa2TXRBW0Jxe.jpg
75612,/eO3r38fwnhb58M1YgcjQBd3VNcp.jpg,https://image.tmdb.org/t/p/w500/eO3r38fwnhb58M1YgcjQBd3VNcp.jpg
109410,/iZ7jVGQWj3eBUdqwAPUlKk0BaS2.jpg,https://image.tmdb.org/t/p/w500/iZ7jVGQWj3eBUdqwAPUlKk0BaS2.jpg
59963,/gx56ZanaWd4pG930Z44eDLvnQ8N.jpg,https://image.tmdb.org/t/p/w500/gx56ZanaWd4pG930Z44eDLvnQ8N.jpg
110420,/3Nllh6JgcrFdtOn6iFOWHudNInd.jpg,https://image.tmdb.org/t/p/w500/3Nllh6JgcrFdtOn6iFOWHudNInd.jpg
127517,/mAStXq4ncbLBnujd3LG4KDd7Z3a.jpg,https://image.tmdb.org/t/p/w500/mAStXq4ncbLBnujd3LG4KDd7Z3a.jpg
13647,/eebNTSRa5Hh5skPKGdGJIJpo9Ls.jpg,https://image.tmdb.org/t/p/w500/eebNTSRa5Hh5skPKGdGJIJpo9Ls.jpg
42699,/8o0ZwBHqueNvlynd2VX4xySRrFM.jpg,https://image.tmdb.org/t/p/w500/8o0ZwBHqueNvlynd2VX4xySRrFM.jpg
134374,/9WqA0Ry9wmTzFvom8mNbcyKZQgP.jpg,https://image.tmdb.org/t/p/w500/9WqA0Ry9wmTzFvom8mNbcyKZQgP.jpg
121606,/wrzbVOuiuwSPMfWVaUQUDbyqx9V.jpg,https://image.tmdb.org/t/p/w500/wrzbVOuiuwSPMfWVaUQUDbyqx9V.jpg
15257,/p8PZfkrCuXanfYr3k6xAS6WzN8Y.jpg,https://image.tmdb.org/t/p/w500/p8PZfkrCuXanfYr3k6xAS6WzN8Y.jpg
84204,/n1CkFfuDCh4NDZgaXmyna3V0Hxc.jpg,https://image.tmdb.org/t/p/w500/n1CkFfuDCh4NDZgaXmyna3V0Hxc.jpg
76589,/seCbcjdZYUl8SRKjeWfyi2ngzFj.jpg,https://image.tmdb.org/t/p/w500/seCbcjdZYUl8SRKjeWfyi2ngzFj.jpg
44865,/ydBVVIscL6TsX5hYztA5YpBCwJ3.jpg,https://image.tmdb.org/t/p/w500/ydBVVIscL6TsX5hYztA5YpBCwJ3.jpg
68721,/qhPtAc1TKbMPqNvcdXSOn9Bn7hZ.jpg,https://image.tmdb.org/t/p/w500/qhPtAc1TKbMPqNvcdXSOn9Bn7hZ.jpg
109414,/tNIW0NhX1hKvUsy6PQ80DOKUhkD.jpg,https://image.tmdb.org/t/p/w500/tNIW0NhX1hKvUsy6PQ80DOKUhkD.jpg
174321,/mF14chZNzgDRZffs8Wk8lPwdNQA.jpg,https://image.tmdb.org/t/p/w500/mF14chZNzgDRZffs8Wk8lPwdNQA.jpg
103731,/o2jT5jQdKh1HAF0fMKuGwBOwOYB.jpg,https://image.tmdb.org/t/p/w500/o2jT5jQdKh1HAF0fMKuGwBOwOYB.jpg
45736,/f6IALg4S0qujZha9xbFBLnELksZ.jpg,https://image.tmdb.org/t/p/w500/f6IALg4S0qujZha9xbFBLnELksZ.jpg
165739,/x1xjvT12cF6CABsa8ji5Lj7GNyh.jpg,https://image.tmdb.org/t/p/w500/x1xjvT12cF6CABsa8ji5Lj7GNyh.jpg
25117,/1xcuMgFbvWZBoTKS46Xbo5kOMj.jpg,https://image.tmdb.org/t/p/w500/1xcuMgFbvWZBoTKS46Xbo5kOMj.jpg
72525,/l3HSd4Nj6YKKUiE6q9WGow94f45.jpg,https://image.tmdb.org/t/p/w500/l3HSd4Nj6YKKUiE6q9WGow94f45.jpg
64682,/nimh1rrDDLhgpG8XAYoUZXHYwb6.jpg,https://image.tmdb.org/t/p/w500/nimh1rrDDLhgpG8XAYoUZXHYwb6.jpg
54138,/7XrRkhMa9lQ71RszzSyVrJVvhyS.jpg,https://image.tmdb.org/t/p/w500/7XrRkhMa9lQ71RszzSyVrJVvhyS.jpg
16150,/kXyS0tsKssgECta1HeQCqIho1QH.jpg,https://image.tmdb.org/t/p/w500/kXyS0tsKssgECta1HeQCqIho1QH.jpg
116741,/hIh3ZgsZ31nbUAGn5SKIZGKiKCX.jpg,https://image.tmdb.org/t/p/w500/hIh3ZgsZ31nbUAGn5SKIZGKiKCX.jpg
27861,/ry3IE86Ibo9R0AjEXs37JrweI9I.jpg,https://image.tmdb.org/t/p/w500/ry3IE86Ibo9R0AjEXs37JrweI9I.jpg
20803,/6f7vhvnma8sbO6821ShE5ViA3r8.jpg,https://image.tmdb.org/t/p/w500/6f7vhvnma8sbO6821ShE5ViA3r8.jpg
77987,/84HR8v3vtz91vTouBX3H5eEWJvP.jpg,https://image.tmdb.org/t/p/w500/84HR8v3vtz91vTouBX3H5eEWJvP.jpg
109439,/vtxuPWkdllLNLVyGjKYa267ntuH.jpg,https://image.tmdb.org/t/p/w500/vtxuPWkdllLNLVyGjKYa267ntuH.jpg
82992,/thSmnRdrzPBBospIOJjLZBReqzo.jpg,https://image.tmdb.org/t/p/w500/thSmnRdrzPBBospIOJjLZBReqzo.jpg
116711,/81cSsWzjTfR3cJSqnTiHwy1eyPK.jpg,https://image.tmdb.org/t/p/w500/81cSsWzjTfR3cJSqnTiHwy1eyPK.jpg
197467,/gNGq4u0cymxZqGADZrx7AWrSB5m.jpg,https://image.tmdb.org/t/p/w500/gNGq4u0cymxZqGADZrx7AWrSB5m.jpg
86282,/4x3Hy0XX2iuGglEznKEMGHUyG7h.jpg,https://image.tmdb.org/t/p/w500/4x3Hy0XX2iuGglEznKEMGHUyG7h.jpg
2077,/oaKKcsUChu117urmWBz9Os23Ad9.jpg,https://image.tmdb.org/t/p/w500/oaKKcsUChu117urmWBz9Os23Ad9.jpg
197481,/pocmh0P8Ddf5w33pP3Vuqm0JRP9.jpg,https://image.tmdb.org/t/p/w500/pocmh0P8Ddf5w33pP3Vuqm0JRP9.jpg
42151,/2WMwkZ4Qmsi3X6WvfjvBsC1er6F.jpg,https://image.tmdb.org/t/p/w500/2WMwkZ4Qmsi3X6WvfjvBsC1er6F.jpg
104755,/nqZ6CGGZpQWt139YioekSYHvvkU.jpg,https://image.tmdb.org/t/p/w500/nqZ6CGGZpQWt139YioekSYHvvkU.jpg
121986,/jrq1NoKvsxWCcffVOjegiYwloFN.jpg,https://image.tmdb.org/t/p/w500/jrq1NoKvsxWCcffVOjegiYwloFN.jpg
130824,/tDaxB5juEGwXD7oZwh8IXsnisar.jpg,https://image.tmdb.org/t/p/w500/tDaxB5juEGwXD7oZwh8IXsnisar.jpg
119675,/p3PF7jIUMAyZjGMaTPVbR405a2W.jpg,https://image.tmdb.org/t/p/w500/p3PF7jIUMAyZjGMaTPVbR405a2W.jpg
86843,/paSNMYfpSrf3sOWbH4C3bHSSapB.jpg,https://image.tmdb.org/t/p/w500/paSNMYfpSrf3sOWbH4C3bHSSapB.jpg
82700,/iXMvYIlzzJBs352CfeiQcBvovZt.jpg,https://image.tmdb.org/t/p/w500/iXMvYIlzzJBs352CfeiQcBvovZt.jpg
75656,/tWsNYbrqy1p1w6K9zRk0mSchztT.jpg,https://image.tmdb.org/t/p/w500/tWsNYbrqy1p1w6K9zRk0mSchztT.jpg
133463,/k0sJHCm3vRqGioWywLsLnR6ujUf.jpg,https://image.tmdb.org/t/p/w500/k0sJHCm3vRqGioWywLsLnR6ujUf.jpg
147773,/4DgA0EDDVv37C8xISc3Vv0rhxlL.jpg,https://image.tmdb.org/t/p/w500/4DgA0EDDVv37C8xISc3Vv0rhxlL.jpg
91739,/kDUEegV4P8odhUTjHE2e2kWMZo3.jpg,https://image.tmdb.org/t/p/w500/kDUEegV4P8odhUTjHE2e2kWMZo3.jpg
49521,/8GFtkImmK0K1VaUChR0n9O61CFU.jpg,https://image.tmdb.org/t/p/w500/8GFtkImmK0K1VaUChR0n9O61CFU.jpg
156700,/6dcIbwJuxlEnzLe0EaGFvsh4ZdS.jpg,https://image.tmdb.org/t/p/w500/6dcIbwJuxlEnzLe0EaGFvsh4ZdS.jpg
158015,/46X1ei9uf13nkkr0OhWldGyr5Uh.jpg,https://image.tmdb.org/t/p/w500/46X1ei9uf13nkkr0OhWldGyr5Uh.jpg
174188,/9yc5UCe3i5mrHuIWsGgsKfI37rd.jpg,https://image.tmdb.org/t/p/w500/9yc5UCe3i5mrHuIWsGgsKfI37rd.jpg
159014,/6iRxKxfE6SB586cQV3BH8NSMzoZ.jpg,https://image.tmdb.org/t/p/w500/6iRxKxfE6SB586cQV3BH8NSMzoZ.jpg
96936,/eQHniJoGUSU5ULABwYX9P3k2LC3.jpg,https://image.tmdb.org/t/p/w500/eQHniJoGUSU5ULABwYX9P3k2LC3.jpg
62211,/y7thwJ7z5Bplv6vwl6RI0yteaDD.jpg,https://image.tmdb.org/t/p/w500/y7thwJ7z5Bplv6vwl6RI0yteaDD.jpg
160085,/3b9tQFCfnCGFcM7kRKWJAZcw2qA.jpg,https://image.tmdb.org/t/p/w500/3b9tQFCfnCGFcM7kRKWJAZcw2qA.jpg
80518,/7RvBQOTZGhCoPvLiF3Ugp2Q94Ux.jpg,https://image.tmdb.org/t/p/w500/7RvBQOTZGhCoPvLiF3Ugp2Q94Ux.jpg
103620,/q1w6cxXKQszEPkCzTl36mIPW6PB.jpg,https://image.tmdb.org/t/p/w500/q1w6cxXKQszEPkCzTl36mIPW6PB.jpg
120292,/wYxr14jTu02noGxXRqPDJgK37wC.jpg,https://image.tmdb.org/t/p/w500/wYxr14jTu02noGxXRqPDJgK37wC.jpg
68726,/mmznhaQDwlHWpUwKuNxtQiubbmM.jpg,https://image.tmdb.org/t/p/w500/mmznhaQDwlHWpUwKuNxtQiubbmM.jpg
152742,/ibDGPgUZn6vxHiSgt2xeQyFp8Np.jpg,https://image.tmdb.org/t/p/w500/ibDGPgUZn6vxHiSgt2xeQyFp8Np.jpg
177271,/dY8lQeVN7wq6UAg3bLffVugK3p9.jpg,https://image.tmdb.org/t/p/w500/dY8lQeVN7wq6UAg3bLffVugK3p9.jpg
53928,/jtf60tNMJQ6Jbman4Fi43rnSIVA.jpg,https://image.tmdb.org/t/p/w500/jtf60tNMJQ6Jbman4Fi43rnSIVA.jpg
72190,/aCnVdvExw6UWSeQfr0tUH3jr4qG.jpg,https://image.tmdb.org/t/p/w500/aCnVdvExw6UWSeQfr0tUH3jr4qG.jpg
68724,/uiiXHBd9oUrtUa4YqZiAoy05cRz.jpg,https://image.tmdb.org/t/p/w500/uiiXHBd9oUrtUa4YqZiAoy05cRz.jpg
117251,/6TeIVKPw7nXXWy2zKmDmlnSwzb7.jpg,https://image.tmdb.org/t/p/w500/6TeIVKPw7nXXWy2zKmDmlnSwzb7.jpg
93456,/oyMPJJZoOpLHgJoFPUOn6DgkbWJ.jpg,https://image.tmdb.org/t/p/w500/oyMPJJZoOpLHgJoFPUOn6DgkbWJ.jpg
107985,/kpglnOBYmKn0AkkWDzGxzKHDbds.jpg,https://image.tmdb.org/t/p/w500/kpglnOBYmKn0AkkWDzGxzKHDbds.jpg
136795,/yERBa1y5zNUOTRKQPiDCPIc2fuv.jpg,https://image.tmdb.org/t/p/w500/yERBa1y5zNUOTRKQPiDCPIc2fuv.jpg
57201,/xRmsqvHnaWmrazJl9bTBqs4LAjp.jpg,https://image.tmdb.org/t/p/w500/xRmsqvHnaWmrazJl9bTBqs4LAjp.jpg
136418,/bN2aGUOxHRwGms68WTDr2MHzkKa.jpg,https://image.tmdb.org/t/p/w500/bN2aGUOxHRwGms68WTDr2MHzkKa.jpg
109099,/o9DoB4Rsuc8wdkSZCJWB6fq9QPP.jpg,https://image.tmdb.org/t/p/w500/o9DoB4Rsuc8wdkSZCJWB6fq9QPP.jpg
159117,/o4hcWsHaHaNQ9BBReOxLvYJNRhA.jpg,https://image.tmdb.org/t/p/w500/o4hcWsHaHaNQ9BBReOxLvYJNRhA.jpg
157386,/tYDbDuZ3K4Xwp3cwtmZM6k53bwq.jpg,https://image.tmdb.org/t/p/w500/tYDbDuZ3K4Xwp3cwtmZM6k53bwq.jpg
136386,/ixFAaIgcJ83o5ge7Mu6FjgKw5iZ.jpg,https://image.tmdb.org/t/p/w500/ixFAaIgcJ83o5ge7Mu6FjgKw5iZ.jpg
157375,/ecArdkI6uDNBZ59482pv7lDqVzY.jpg,https://image.tmdb.org/t/p/w500/ecArdkI6uDNBZ59482pv7lDqVzY.jpg
205321,/atEmHkVFTSGRYt2PeCiziQqbZnI.jpg,https://image.tmdb.org/t/p/w500/atEmHkVFTSGRYt2PeCiziQqbZnI.jpg
178946,/zzQRBkQnO0qgaWrlexUfA0KioLL.jpg,https://image.tmdb.org/t/p/w500/zzQRBkQnO0qgaWrlexUfA0KioLL.jpg
111969,/byic4VFVrpPyjDWK54CcsxYWW85.jpg,https://image.tmdb.org/t/p/w500/byic4VFVrpPyjDWK54CcsxYWW85.jpg
30963,/nSbkFgHYK1OFKh0WGyLw8ItC50E.jpg,https://image.tmdb.org/t/p/w500/nSbkFgHYK1OFKh0WGyLw8ItC50E.jpg
157354,/oXSy3nEKFtfw5iRxdG8ouEFAnxs.jpg,https://image.tmdb.org/t/p/w500/oXSy3nEKFtfw5iRxdG8ouEFAnxs.jpg
179111,/dKhMJr8yoHVyvxyUiAeIn2hKVdL.jpg,https://image.tmdb.org/t/p/w500/dKhMJr8yoHVyvxyUiAeIn2hKVdL.jpg
49524,/rS0kByPD4YF8pQ85KjzMdGiu7Xf.jpg,https://image.tmdb.org/t/p/w500/rS0kByPD4YF8pQ85KjzMdGiu7Xf.jpg
77950,/w6GdF5hcnsU5IwaRhyhnysNy5hO.jpg,https://image.tmdb.org/t/p/w500/w6GdF5hcnsU5IwaRhyhnysNy5hO.jpg
138843,/wVYREutTvI2tmxr6ujrHT704wGF.jpg,https://image.tmdb.org/t/p/w500/wVYREutTvI2tmxr6ujrHT704wGF.jpg
76170,/8lzmovtARDXnE7kTDOum02i6fXv.jpg,https://image.tmdb.org/t/p/w500/8lzmovtARDXnE7kTDOum02i6fXv.jpg
172533,/iunbsMWtkwfrtRzU7hdCHhPjjJf.jpg,https://image.tmdb.org/t/p/w500/iunbsMWtkwfrtRzU7hdCHhPjjJf.jpg
146216,/tbksijr6g340yFWRgI4JfwrtM9h.jpg,https://image.tmdb.org/t/p/w500/tbksijr6g340yFWRgI4JfwrtM9h.jpg
198062,/475PTJRhikorye5BnTan5BPm85j.jpg,https://image.tmdb.org/t/p/w500/475PTJRhikorye5BnTan5BPm85j.jpg
192126,/3LDh44NHhTa27TfO0ntWiilogKo.jpg,https://image.tmdb.org/t/p/w500/3LDh44NHhTa27TfO0ntWiilogKo.jpg
136400,/ptURGAFktibhk7DEAbMazlmNqWa.jpg,https://image.tmdb.org/t/p/w500/ptURGAFktibhk7DEAbMazlmNqWa.jpg
160588,/nsj0RLRI10351uYMoAKPur6Derd.jpg,https://image.tmdb.org/t/p/w500/nsj0RLRI10351uYMoAKPur6Derd.jpg
179144,/1cmOc3ZPkuCTOTqHEsRr3Pk81Um.jpg,https://image.tmdb.org/t/p/w500/1cmOc3ZPkuCTOTqHEsRr3Pk81Um.jpg
58447,/wAwzuwe5BGglw4WEdSViSKx02wZ.jpg,https://image.tmdb.org/t/p/w500/wAwzuwe5BGglw4WEdSViSKx02wZ.jpg
185574,/uMiRDSnFRpKicYbikKa8aO1QKbU.jpg,https://image.tmdb.org/t/p/w500/uMiRDSnFRpKicYbikKa8aO1QKbU.jpg
76285,/tAu90qEpLqwqiZLsMqpaMVr55oN.jpg,https://image.tmdb.org/t/p/w500/tAu90qEpLqwqiZLsMqpaMVr55oN.jpg
177699,/oqdSe46XQ9CKcj1WMyfD2LaVoER.jpg,https://image.tmdb.org/t/p/w500/oqdSe46XQ9CKcj1WMyfD2LaVoER.jpg
77931,/f2c4nT4JTcBHrX6BVKrMIGmyBvK.jpg,https://image.tmdb.org/t/p/w500/f2c4nT4JTcBHrX6BVKrMIGmyBvK.jpg
76544,/jXq5Gjy8vc3iifDgtObZ4i6qNe8.jpg,https://image.tmdb.org/t/p/w500/jXq5Gjy8vc3iifDgtObZ4i6qNe8.jpg
138832,/yNJreiR2PuiGwsWWJC7cWpgXwCL.jpg,https://image.tmdb.org/t/p/w500/yNJreiR2PuiGwsWWJC7cWpgXwCL.jpg
21683,/mlmhpUArJdpRPO211v3lETe3uzg.jpg,https://image.tmdb.org/t/p/w500/mlmhpUArJdpRPO211v3lETe3uzg.jpg
109418,/hT6ijOtjtYrnyDhN7VA2QWyGFAm.jpg,https://image.tmdb.org/t/p/w500/hT6ijOtjtYrnyDhN7VA2QWyGFAm.jpg
87421,/pUul9pGWOKT7X0smkTvsIEIQxcP.jpg,https://image.tmdb.org/t/p/w500/pUul9pGWOKT7X0smkTvsIEIQxcP.jpg
59859,/1go2A3gdQjaMuHWquybgoJlQRcX.jpg,https://image.tmdb.org/t/p/w500/1go2A3gdQjaMuHWquybgoJlQRcX.jpg
158999,/kCk4mDFE96Mn1AYfEcbxkIiw7ND.jpg,https://image.tmdb.org/t/p/w500/kCk4mDFE96Mn1AYfEcbxkIiw7ND.jpg
151960,/i2xgU0y0p77WTrB0oIkbpdaWq8R.jpg,https://image.tmdb.org/t/p/w500/i2xgU0y0p77WTrB0oIkbpdaWq8R.jpg
149870,/jfwSexzlIzaOgxP9A8bTA6t8YYb.jpg,https://image.tmdb.org/t/p/w500/jfwSexzlIzaOgxP9A8bTA6t8YYb.jpg
132363,/pAi8Bl3ZKX6pANPVhNwbhbQANop.jpg,https://image.tmdb.org/t/p/w500/pAi8Bl3ZKX6pANPVhNwbhbQANop.jpg
115782,/mOyZ0UAWaOJartFq2G3Cv0soFtQ.jpg,https://image.tmdb.org/t/p/w500/mOyZ0UAWaOJartFq2G3Cv0soFtQ.jpg
157360,/xbuiPYXOk1aHaNf7o2mAQxeDs7s.jpg,https://image.tmdb.org/t/p/w500/xbuiPYXOk1aHaNf7o2mAQxeDs7s.jpg
122906,/iR1bVfURbN7r1C46WHFbwCkVve.jpg,https://image.tmdb.org/t/p/w500/iR1bVfURbN7r1C46WHFbwCkVve.jpg
83899,/l163jakfKvchUTVTtBi0KA7ZhIc.jpg,https://image.tmdb.org/t/p/w500/l163jakfKvchUTVTtBi0KA7ZhIc.jpg
147129,/x3oMuJQdkOMVzkS6FoJd6BDa1G7.jpg,https://image.tmdb.org/t/p/w500/x3oMuJQdkOMVzkS6FoJd6BDa1G7.jpg
49802,/c34bVzr6akMEJ7j2yrzRfgPJlVO.jpg,https://image.tmdb.org/t/p/w500/c34bVzr6akMEJ7j2yrzRfgPJlVO.jpg
146227,/z4sEWm1ykf9WX5WJU4XMD4oI5sI.jpg,https://image.tmdb.org/t/p/w500/z4sEWm1ykf9WX5WJU4XMD4oI5sI.jpg
49047,/kZ2nZw8D681aphje8NJi8EfbL1U.jpg,https://image.tmdb.org/t/p/w500/kZ2nZw8D681aphje8NJi8EfbL1U.jpg
17282,/j5oRakY1PoEd4c56LtpyuBVek5e.jpg,https://image.tmdb.org/t/p/w500/j5oRakY1PoEd4c56LtpyuBVek5e.jpg
30061,/5Cjrxbv0BIxzgKFC9PYcgmPtnMV.jpg,https://image.tmdb.org/t/p/w500/5Cjrxbv0BIxzgKFC9PYcgmPtnMV.jpg
212716,/67x9NJyjK4u02NpISnChDMKzCUr.jpg,https://image.tmdb.org/t/p/w500/67x9NJyjK4u02NpISnChDMKzCUr.jpg
115199,/cJHq7n8fl6p5tY0Jr6GQ2uoO0rR.jpg,https://image.tmdb.org/t/p/w500/cJHq7n8fl6p5tY0Jr6GQ2uoO0rR.jpg
146233,/uhviyknTT5cEQXbn6vWIqfM4vGm.jpg,https://image.tmdb.org/t/p/w500/uhviyknTT5cEQXbn6vWIqfM4vGm.jpg
91586,/w5JjiB3O1CLDXbTJe1QpU5RHmlU.jpg,https://image.tmdb.org/t/p/w500/w5JjiB3O1CLDXbTJe1QpU5RHmlU.jpg
156711,/8f9XX2rIOY5kmzivS5sZfnVuCxE.jpg,https://image.tmdb.org/t/p/w500/8f9XX2rIOY5kmzivS5sZfnVuCxE.jpg
96721,/kmusuTahCEBrTgdO69sY13gfxBw.jpg,https://image.tmdb.org/t/p/w500/kmusuTahCEBrTgdO69sY13gfxBw.jpg
112205,/x2arN02JFsZcDKmBb0SIjG8Smc8.jpg,https://image.tmdb.org/t/p/w500/x2arN02JFsZcDKmBb0SIjG8Smc8.jpg
102059,/xpyePeVClwq85miKvY1r4T8ps5.jpg,https://image.tmdb.org/t/p/w500/xpyePeVClwq85miKvY1r4T8ps5.jpg
169813,/qKnsyaJZLXfiL2JhIJEkpA8C3LU.jpg,https://image.tmdb.org/t/p/w500/qKnsyaJZLXfiL2JhIJEkpA8C3LU.jpg
129139,/vSVYCcvDJljrESZo1jJyXPVvwfk.jpg,https://image.tmdb.org/t/p/w500/vSVYCcvDJljrESZo1jJyXPVvwfk.jpg
129670,/o1t2Mw18EEBnl8v4Nby3PFjxnM1.jpg,https://image.tmdb.org/t/p/w500/o1t2Mw18EEBnl8v4Nby3PFjxnM1.jpg
121676,/gCeZGBFcxjyGdvFncJqCGffBCpw.jpg,https://image.tmdb.org/t/p/w500/gCeZGBFcxjyGdvFncJqCGffBCpw.jpg
209263,/p5naJg0K8xF0h0HWEfiz6rc9lC4.jpg,https://image.tmdb.org/t/p/w500/p5naJg0K8xF0h0HWEfiz6rc9lC4.jpg
138697,/uh8bwvgGXeUKzdL4oSul9zxyTcd.jpg,https://image.tmdb.org/t/p/w500/uh8bwvgGXeUKzdL4oSul9zxyTcd.jpg
157820,/y41mndWYov3oPSZdHUtyjEdALvF.jpg,https://image.tmdb.org/t/p/w500/y41mndWYov3oPSZdHUtyjEdALvF.jpg
157409,/jX34ccG13P66S4qVqLRRyR0hZLS.jpg,https://image.tmdb.org/t/p/w500/jX34ccG13P66S4qVqLRRyR0hZLS.jpg
146238,/ck5jZjv7WVoCBBgTH1gJlhyCLPy.jpg,https://image.tmdb.org/t/p/w500/ck5jZjv7WVoCBBgTH1gJlhyCLPy.jpg
152584,/kgUk1wti2cvrptIgUz0VTAtSF6w.jpg,https://image.tmdb.org/t/p/w500/kgUk1wti2cvrptIgUz0VTAtSF6w.jpg
172828,/1dmHunFILNXKzjOkl1A7IIsTI58.jpg,https://image.tmdb.org/t/p/w500/1dmHunFILNXKzjOkl1A7IIsTI58.jpg
109451,/ss5NcK2NWFg2YcKKYXLrk8q1myS.jpg,https://image.tmdb.org/t/p/w500/ss5NcK2NWFg2YcKKYXLrk8q1myS.jpg
109424,/gAH73mMU7rgGZrpYkFYgFgSNHs5.jpg,https://image.tmdb.org/t/p/w500/gAH73mMU7rgGZrpYkFYgFgSNHs5.jpg
106747,/3i4UgSZmAJXt6Euy5azvknmzsm9.jpg,https://image.tmdb.org/t/p/w500/3i4UgSZmAJXt6Euy5azvknmzsm9.jpg
51985,/7J8qq1O1kAjVdpDJnxuzNC5tH3H.jpg,https://image.tmdb.org/t/p/w500/7J8qq1O1kAjVdpDJnxuzNC5tH3H.jpg
85889,/1F2q79eQqEEiak6sslCzdbyCbr5.jpg,https://image.tmdb.org/t/p/w500/1F2q79eQqEEiak6sslCzdbyCbr5.jpg
107846,/qOZPLflxDqKogu9v9hYw3lolxGs.jpg,https://image.tmdb.org/t/p/w500/qOZPLflxDqKogu9v9hYw3lolxGs.jpg
55370,/tPEDn3u2q8q82kREjiGKmfA7rPm.jpg,https://image.tmdb.org/t/p/w500/tPEDn3u2q8q82kREjiGKmfA7rPm.jpg
133805,/kloXz9qwO23z9Kbt3z3MgnjF4xO.jpg,https://image.tmdb.org/t/p/w500/kloXz9qwO23z9Kbt3z3MgnjF4xO.jpg
173495,/et7jpooiP4K7eawUhmbYJmRyI7J.jpg,https://image.tmdb.org/t/p/w500/et7jpooiP4K7eawUhmbYJmRyI7J.jpg
109091,/aNiLkGnzVb5CorZHKk16w9S4COt.jpg,https://image.tmdb.org/t/p/w500/aNiLkGnzVb5CorZHKk16w9S4COt.jpg
158752,/g3qZofBWiLauJviv27f8zpEFbki.jpg,https://image.tmdb.org/t/p/w500/g3qZofBWiLauJviv27f8zpEFbki.jpg
146015,/7kNcpmP1Pe9fWLKEbEOX5GEWueC.jpg,https://image.tmdb.org/t/p/w500/7kNcpmP1Pe9fWLKEbEOX5GEWueC.jpg
76203,/xdANQijuNrJaw1HA61rDccME4Tm.jpg,https://image.tmdb.org/t/p/w500/xdANQijuNrJaw1HA61rDccME4Tm.jpg
152747,/9cVA4oX2xHgiglv6hemxwAaofsq.jpg,https://image.tmdb.org/t/p/w500/9cVA4oX2xHgiglv6hemxwAaofsq.jpg
80274,/vmd3CNeG2B9FXsit61oc7oxabej.jpg,https://image.tmdb.org/t/p/w500/vmd3CNeG2B9FXsit61oc7oxabej.jpg
208134,/dDSMzBEaM0LYSy9Muo0zsCo77Vh.jpg,https://image.tmdb.org/t/p/w500/dDSMzBEaM0LYSy9Muo0zsCo77Vh.jpg
76338,/bvwWQdMQnsua6dXaCInsPxQG21P.jpg,https://image.tmdb.org/t/p/w500/bvwWQdMQnsua6dXaCInsPxQG21P.jpg
152532,/7Fdh7gUq3plvQqxRbNYhWvDABXA.jpg,https://image.tmdb.org/t/p/w500/7Fdh7gUq3plvQqxRbNYhWvDABXA.jpg
194101,/5Bj6Oku5o7mcqZHMn6sZM1ifMhd.jpg,https://image.tmdb.org/t/p/w500/5Bj6Oku5o7mcqZHMn6sZM1ifMhd.jpg
51452,,
137093,/9Aht200Eu2jYiE9cEQdFfNDtHl6.jpg,https://image.tmdb.org/t/p/w500/9Aht200Eu2jYiE9cEQdFfNDtHl6.jpg
205220,/eBUv2GmGdXmCk1AaSOmyiu70hN8.jpg,https://image.tmdb.org/t/p/w500/eBUv2GmGdXmCk1AaSOmyiu70hN8.jpg
203833,/wj4U5sMLcJMa3WR9CpRR9e2sdgZ.jpg,https://image.tmdb.org/t/p/w500/wj4U5sMLcJMa3WR9CpRR9e2sdgZ.jpg
101299,/qdXXEFGuLLfMWa1DGEkWFUo8Zwd.jpg,https://image.tmdb.org/t/p/w500/qdXXEFGuLLfMWa1DGEkWFUo8Zwd.jpg
57158,/xQYiXsheRCDBA39DOrmaw1aSpbk.jpg,https://image.tmdb.org/t/p/w500/xQYiXsheRCDBA39DOrmaw1aSpbk.jpg
64686,/xDHnmcroujCRG0ysYQaiswjbyHd.jpg,https://image.tmdb.org/t/p/w500/xDHnmcroujCRG0ysYQaiswjbyHd.jpg
146239,/huXHYDclKT4RM1OvS3O7SXYRAU0.jpg,https://image.tmdb.org/t/p/w500/huXHYDclKT4RM1OvS3O7SXYRAU0.jpg
137312,/rVuLdqIO2AWzciwFEv4mEjsfObG.jpg,https://image.tmdb.org/t/p/w500/rVuLdqIO2AWzciwFEv4mEjsfObG.jpg
41602,/7BbrgKfnRfEFIePqdRcWzuHs3KI.jpg,https://image.tmdb.org/t/p/w500/7BbrgKfnRfEFIePqdRcWzuHs3KI.jpg
80662,/9Yc6ip8cBDbkfy5K8Ob401PjlJa.jpg,https://image.tmdb.org/t/p/w500/9Yc6ip8cBDbkfy5K8Ob401PjlJa.jpg
109445,/kgwjIb2JDHRhNk13lmSxiClFjVk.jpg,https://image.tmdb.org/t/p/w500/kgwjIb2JDHRhNk13lmSxiClFjVk.jpg
86829,/nNxK3pC3DMpPpWKMvo2p3liREVT.jpg,https://image.tmdb.org/t/p/w500/nNxK3pC3DMpPpWKMvo2p3liREVT.jpg
106646,/kW9LmvYHAaS9iA0tHmZVq8hQYoq.jpg,https://image.tmdb.org/t/p/w500/kW9LmvYHAaS9iA0tHmZVq8hQYoq.jpg
204082,/6pF8D9bDIAmuHgCqGKEfuNWRQam.jpg,https://image.tmdb.org/t/p/w500/6pF8D9bDIAmuHgCqGKEfuNWRQam.jpg
192136,/nzjwDSwLbalv7bCXnFbkAuIxXLx.jpg,https://image.tmdb.org/t/p/w500/nzjwDSwLbalv7bCXnFbkAuIxXLx.jpg
75629,/d0s1xvykzl0kz7fP5S2ROYqphdz.jpg,https://image.tmdb.org/t/p/w500/d0s1xvykzl0kz7fP5S2ROYqphdz.jpg
174311,/spCLVHZnOCcjrGwCEaVi8ADKRsn.jpg,https://image.tmdb.org/t/p/w500/spCLVHZnOCcjrGwCEaVi8ADKRsn.jpg
212063,/vEF0f8dktdp4NbUbpi0xSzwUAY8.jpg,https://image.tmdb.org/t/p/w500/vEF0f8dktdp4NbUbpi0xSzwUAY8.jpg
168672,/z6O1KDhfWDTm5ZBr6Ovr0eg8LqO.jpg,https://image.tmdb.org/t/p/w500/z6O1KDhfWDTm5ZBr6Ovr0eg8LqO.jpg
152601,/eCOtqtfvn7mxGl6nfmq4b1exJRc.jpg,https://image.tmdb.org/t/p/w500/eCOtqtfvn7mxGl6nfmq4b1exJRc.jpg
116745,/tY6ypjKOOtujhxiSwTmvA4OZ5IE.jpg,https://image.tmdb.org/t/p/w500/tY6ypjKOOtujhxiSwTmvA4OZ5IE.jpg
39260,/7fN1ZDG7sumIgndF8KfzEAvzkL8.jpg,https://image.tmdb.org/t/p/w500/7fN1ZDG7sumIgndF8KfzEAvzkL8.jpg
45697,/sAqIotgXveaOjNFGd3MCwzCjHat.jpg,https://image.tmdb.org/t/p/w500/sAqIotgXveaOjNFGd3MCwzCjHat.jpg
193756,/zaBIrloyhGK7iNTZMb3f9SARsl8.jpg,https://image.tmdb.org/t/p/w500/zaBIrloyhGK7iNTZMb3f9SARsl8.jpg
140823,/4RkcUe5PKnYvrCwMjk8giUAoID7.jpg,https://image.tmdb.org/t/p/w500/4RkcUe5PKnYvrCwMjk8giUAoID7.jpg
40897,/hwBOt1t9lX1cGjNxAiz2lou5fhS.jpg,https://image.tmdb.org/t/p/w500/hwBOt1t9lX1cGjNxAiz2lou5fhS.jpg
87516,/iX93YdBrZA1EpGbphmjf4ARj1Za.jpg,https://image.tmdb.org/t/p/w500/iX93YdBrZA1EpGbphmjf4ARj1Za.jpg
209232,/mlE9wNxyzGQPJm26Fn8eBr1H1gx.jpg,https://image.tmdb.org/t/p/w500/mlE9wNxyzGQPJm26Fn8eBr1H1gx.jpg
109443,/BAdmxMdCqzjs6hx3KuEtnoWP8d.jpg,https://image.tmdb.org/t/p/w500/BAdmxMdCqzjs6hx3KuEtnoWP8d.jpg
110415,/nzccOvhrLGI0nvAknCEAk8bchD9.jpg,https://image.tmdb.org/t/p/w500/nzccOvhrLGI0nvAknCEAk8bchD9.jpg
37129,/4TE8gM826e1OU62AErJ5LS4F1os.jpg,https://image.tmdb.org/t/p/w500/4TE8gM826e1OU62AErJ5LS4F1os.jpg
253941,,
20894,/nAYREETmvDPPf3nZJDmMdANyGWp.jpg,https://image.tmdb.org/t/p/w500/nAYREETmvDPPf3nZJDmMdANyGWp.jpg
20878,/orp7Ec8fDDHXFYnAjOPWsuF0Dhe.jpg,https://image.tmdb.org/t/p/w500/orp7Ec8fDDHXFYnAjOPWsuF0Dhe.jpg
166271,/gBsO7Sp3g1oOaxQ44pomsJLm7m7.jpg,https://image.tmdb.org/t/p/w500/gBsO7Sp3g1oOaxQ44pomsJLm7m7.jpg
180894,/f4i1wzuyFXv6NHREAy4fPPGSH7E.jpg,https://image.tmdb.org/t/p/w500/f4i1wzuyFXv6NHREAy4fPPGSH7E.jpg
27190,/zDxpOQi7kkokDLxZkVQhejp2VHu.jpg,https://image.tmdb.org/t/p/w500/zDxpOQi7kkokDLxZkVQhejp2VHu.jpg
64807,/jTq9jYTKKo6EhQPso4xTMpPYYXW.jpg,https://image.tmdb.org/t/p/w500/jTq9jYTKKo6EhQPso4xTMpPYYXW.jpg
158990,/oTGY0n5MFueHv7GP1P9aPhuR11I.jpg,https://image.tmdb.org/t/p/w500/oTGY0n5MFueHv7GP1P9aPhuR11I.jpg
13194,/f4htbMf2LORgMjKn0litcUFWuWY.jpg,https://image.tmdb.org/t/p/w500/f4htbMf2LORgMjKn0litcUFWuWY.jpg
233063,/hV88MiailtnGVF6rbp6Ug6UBKYS.jpg,https://image.tmdb.org/t/p/w500/hV88MiailtnGVF6rbp6Ug6UBKYS.jpg
27584,/3pZzS9R1r6qHvstMxmGq54JkFDR.jpg,https://image.tmdb.org/t/p/w500/3pZzS9R1r6qHvstMxmGq54JkFDR.jpg
152603,/6xY2MhYjFPb4xU3KlBJcFAJmMsF.jpg,https://image.tmdb.org/t/p/w500/6xY2MhYjFPb4xU3KlBJcFAJmMsF.jpg
13632,/A1fwL6i2PObYIeOW6iMhimLpIa3.jpg,https://image.tmdb.org/t/p/w500/A1fwL6i2PObYIeOW6iMhimLpIa3.jpg
122796,/Am8zDtxkWlqtY5nVn7TKgsgw6C7.jpg,https://image.tmdb.org/t/p/w500/Am8zDtxkWlqtY5nVn7TKgsgw6C7.jpg
204810,/su3Jt6PTVjyfbE8f2FVSHxVWksM.jpg,https://image.tmdb.org/t/p/w500/su3Jt6PTVjyfbE8f2FVSHxVWksM.jpg
126963,/nxZEdYcHMuD8SSuwusDnK9CD2H1.jpg,https://image.tmdb.org/t/p/w500/nxZEdYcHMuD8SSuwusDnK9CD2H1.jpg
243531,/kxtp9hqHK22x9DUVsQE58rrpJvz.jpg,https://image.tmdb.org/t/p/w500/kxtp9hqHK22x9DUVsQE58rrpJvz.jpg
159128,/3Q0rtUfNHFOEnVoRv1pmKaAbZEV.jpg,https://image.tmdb.org/t/p/w500/3Q0rtUfNHFOEnVoRv1pmKaAbZEV.jpg
39102,/1lmwZTsqwTtvd3m60pyQfhGM2Ut.jpg,https://image.tmdb.org/t/p/w500/1lmwZTsqwTtvd3m60pyQfhGM2Ut.jpg
206408,/urOhy4mkGTcRHjXBotanF6zyBJw.jpg,https://image.tmdb.org/t/p/w500/urOhy4mkGTcRHjXBotanF6zyBJw.jpg
39148,/eZkTQ4epHmVygmNnUCGAOzFqQH9.jpg,https://image.tmdb.org/t/p/w500/eZkTQ4epHmVygmNnUCGAOzFqQH9.jpg
168530,/zdGSv5FEeqYL5xBUaeW46fCERO2.jpg,https://image.tmdb.org/t/p/w500/zdGSv5FEeqYL5xBUaeW46fCERO2.jpg
137094,/m7HcLUodrD4lM4s0Hui1tzO2pjO.jpg,https://image.tmdb.org/t/p/w500/m7HcLUodrD4lM4s0Hui1tzO2pjO.jpg
157350,/aNh4Q3iuPKDMPi2SL7GgOpiLukX.jpg,https://image.tmdb.org/t/p/w500/aNh4Q3iuPKDMPi2SL7GgOpiLukX.jpg
6418,/fiWLuGIUAcJtu2hs7KlcZ0O2Ix3.jpg,https://image.tmdb.org/t/p/w500/fiWLuGIUAcJtu2hs7KlcZ0O2Ix3.jpg
126319,/iJPbRASktYW0I009Ktc2zUE6Fvg.jpg,https://image.tmdb.org/t/p/w500/iJPbRASktYW0I009Ktc2zUE6Fvg.jpg
137968,/wAQsxWn82CXsFxrItzzSfYJdSd3.jpg,https://image.tmdb.org/t/p/w500/wAQsxWn82CXsFxrItzzSfYJdSd3.jpg
100241,/pQkJ1tNsKRvYhwbC8eztLElKrmS.jpg,https://image.tmdb.org/t/p/w500/pQkJ1tNsKRvYhwbC8eztLElKrmS.jpg
157099,/9PpwTNDsXnuGHcwBdpgybVSwsFN.jpg,https://image.tmdb.org/t/p/w500/9PpwTNDsXnuGHcwBdpgybVSwsFN.jpg
181886,/vf40tyDRKZsBmaLsYeopzfFLzLx.jpg,https://image.tmdb.org/t/p/w500/vf40tyDRKZsBmaLsYeopzfFLzLx.jpg
15359,/u6sI0yLJXkmrbSJzVRCmmfa4nhx.jpg,https://image.tmdb.org/t/p/w500/u6sI0yLJXkmrbSJzVRCmmfa4nhx.jpg
152760,/wiWAg4mKV2S4vImPxsPRIdj2R2B.jpg,https://image.tmdb.org/t/p/w500/wiWAg4mKV2S4vImPxsPRIdj2R2B.jpg
137106,/lbctonEnewCYZ4FYoTZhs8cidAl.jpg,https://image.tmdb.org/t/p/w500/lbctonEnewCYZ4FYoTZhs8cidAl.jpg
230657,,
97020,/gM5ql3BKYmHG3WtZ0buKXN7xY8O.jpg,https://image.tmdb.org/t/p/w500/gM5ql3BKYmHG3WtZ0buKXN7xY8O.jpg
209247,/4R6ojBfyO8fj3WszLE9rog5qR4W.jpg,https://image.tmdb.org/t/p/w500/4R6ojBfyO8fj3WszLE9rog5qR4W.jpg
249397,/iLUNqgNKuWn667kXCKztSxYbT3k.jpg,https://image.tmdb.org/t/p/w500/iLUNqgNKuWn667kXCKztSxYbT3k.jpg
74461,/7TP8E4nTqT0SFkwlj2kYRfMRwfH.jpg,https://image.tmdb.org/t/p/w500/7TP8E4nTqT0SFkwlj2kYRfMRwfH.jpg
197082,/b9pCYixO3ZO7tB303efB3O4nkqC.jpg,https://image.tmdb.org/t/p/w500/b9pCYixO3ZO7tB303efB3O4nkqC.jpg
99367,/ieLOyHzoJKyflqGdfj82S1MMm5A.jpg,https://image.tmdb.org/t/p/w500/ieLOyHzoJKyflqGdfj82S1MMm5A.jpg
157834,/j2sEI9FOaJszidVatzIaaMPdLsm.jpg,https://image.tmdb.org/t/p/w500/j2sEI9FOaJszidVatzIaaMPdLsm.jpg
146375,/lJSNu2WJ5PGuEnyD8mfSVp5yY0H.jpg,https://image.tmdb.org/t/p/w500/lJSNu2WJ5PGuEnyD8mfSVp5yY0H.jpg
137321,/dwDAUpidqVEql6w1o51VIPlMtbG.jpg,https://image.tmdb.org/t/p/w500/dwDAUpidqVEql6w1o51VIPlMtbG.jpg
103732,/ukLiNofpuMKQlB5NnhC9mhLlH2G.jpg,https://image.tmdb.org/t/p/w500/ukLiNofpuMKQlB5NnhC9mhLlH2G.jpg
210047,/1b4O7zqjLVEvdbJcIeLUP77gOSF.jpg,https://image.tmdb.org/t/p/w500/1b4O7zqjLVEvdbJcIeLUP77gOSF.jpg
17684,/n5hHf0x8i62kbUycqHgkop7jUDy.jpg,https://image.tmdb.org/t/p/w500/n5hHf0x8i62kbUycqHgkop7jUDy.jpg
249923,/aod4XeUKVEDuao4ekQ4sBApt6sw.jpg,https://image.tmdb.org/t/p/w500/aod4XeUKVEDuao4ekQ4sBApt6sw.jpg
222899,/z3dVYQtxXldDawz7d15wqt2PQLe.jpg,https://image.tmdb.org/t/p/w500/z3dVYQtxXldDawz7d15wqt2PQLe.jpg
120467,/eWdyYQreja6JGCzqHWXpWHDrrPo.jpg,https://image.tmdb.org/t/p/w500/eWdyYQreja6JGCzqHWXpWHDrrPo.jpg
84319,/igSjDMaviTLS3mrq3r9CzNC46uw.jpg,https://image.tmdb.org/t/p/w500/igSjDMaviTLS3mrq3r9CzNC46uw.jpg
110414,,
21474,/o3zsel0aCcBWgOCytyFa9FxuPTk.jpg,https://image.tmdb.org/t/p/w500/o3zsel0aCcBWgOCytyFa9FxuPTk.jpg
225565,/tjDAdesZNYFyRNnZvLT0osc7S2t.jpg,https://image.tmdb.org/t/p/w500/tjDAdesZNYFyRNnZvLT0osc7S2t.jpg
157336,/gEU2QniE6E77NI6lCU6MxlNBvIx.jpg,https://image.tmdb.org/t/p/w500/gEU2QniE6E77NI6lCU6MxlNBvIx.jpg
192102,/8xOH2JhBHPmk2ZCniBpWhiZ6xeC.jpg,https://image.tmdb.org/t/p/w500/8xOH2JhBHPmk2ZCniBpWhiZ6xeC.jpg
205724,/xWXn2Pfrkbe7Xuwv2BZ2UL53Wdf.jpg,https://image.tmdb.org/t/p/w500/xWXn2Pfrkbe7Xuwv2BZ2UL53Wdf.jpg
225574,/Nkgaj3X0W2jHQ1TzHEgWFpN3kJ.jpg,https://image.tmdb.org/t/p/w500/Nkgaj3X0W2jHQ1TzHEgWFpN3kJ.jpg
85444,/9aamZ9pJpWnPjYvQz68dsX15YwZ.jpg,https://image.tmdb.org/t/p/w500/9aamZ9pJpWnPjYvQz68dsX15YwZ.jpg
198375,/mXUCVq3HMtS4Y9IQ8vmEOPyN0vH.jpg,https://image.tmdb.org/t/p/w500/mXUCVq3HMtS4Y9IQ8vmEOPyN0vH.jpg
53182,/wYDdWN1McB1Sio4z1dPSkb40Z78.jpg,https://image.tmdb.org/t/p/w500/wYDdWN1McB1Sio4z1dPSkb40Z78.jpg
202141,/3MHs9BrHt6ZjlPvaL4CP1ULYV2Z.jpg,https://image.tmdb.org/t/p/w500/3MHs9BrHt6ZjlPvaL4CP1ULYV2Z.jpg
82703,/hPcImYndWESKHzT2GHVCDsUxzYg.jpg,https://image.tmdb.org/t/p/w500/hPcImYndWESKHzT2GHVCDsUxzYg.jpg
242076,/iWVuYsgZYhtDVroaxu6zCF5FA63.jpg,https://image.tmdb.org/t/p/w500/iWVuYsgZYhtDVroaxu6zCF5FA63.jpg
97370,/55wmcXJIDYITr7JDijJTdvwSaAv.jpg,https://image.tmdb.org/t/p/w500/55wmcXJIDYITr7JDijJTdvwSaAv.jpg
136797,/z42kyMizgDKetejusZgucSQsQ4l.jpg,https://image.tmdb.org/t/p/w500/z42kyMizgDKetejusZgucSQsQ4l.jpg
242042,/7CWdmxafzSVEUv4mMlOpw89NKXE.jpg,https://image.tmdb.org/t/p/w500/7CWdmxafzSVEUv4mMlOpw89NKXE.jpg
177494,/qWBAPJdew9MRUv8ApRPkXAM1feB.jpg,https://image.tmdb.org/t/p/w500/qWBAPJdew9MRUv8ApRPkXAM1feB.jpg
209403,/hZo399sszo6QxEPOmqJiq5NhQeU.jpg,https://image.tmdb.org/t/p/w500/hZo399sszo6QxEPOmqJiq5NhQeU.jpg
235260,/7xWa1p2qMn4rxGIvRDDebJrXMiI.jpg,https://image.tmdb.org/t/p/w500/7xWa1p2qMn4rxGIvRDDebJrXMiI.jpg
83201,/ptvbHUWpU8Nh6vrmSvjx4ESDgfC.jpg,https://image.tmdb.org/t/p/w500/ptvbHUWpU8Nh6vrmSvjx4ESDgfC.jpg
134350,/6jVK9vvUDp9eH0JSIUgcvlrqdGa.jpg,https://image.tmdb.org/t/p/w500/6jVK9vvUDp9eH0JSIUgcvlrqdGa.jpg
236737,/vUbn2Dy9qWWV8VnktvuGn9YiCRL.jpg,https://image.tmdb.org/t/p/w500/vUbn2Dy9qWWV8VnktvuGn9YiCRL.jpg
100402,/tVFRpFw3xTedgPGqxW0AOI8Qhh0.jpg,https://image.tmdb.org/t/p/w500/tVFRpFw3xTedgPGqxW0AOI8Qhh0.jpg
86834,/trtD17IqSWV9Nbn4OILztc9GuCX.jpg,https://image.tmdb.org/t/p/w500/trtD17IqSWV9Nbn4OILztc9GuCX.jpg
227783,/4iHnGlmOjAj2k5zUftYDIzSITCf.jpg,https://image.tmdb.org/t/p/w500/4iHnGlmOjAj2k5zUftYDIzSITCf.jpg
53168,/dmJWvKNgeCrIwJH6AapdSMiZHop.jpg,https://image.tmdb.org/t/p/w500/dmJWvKNgeCrIwJH6AapdSMiZHop.jpg
155084,/x4tC1s6oFG9nEyxVSM0FiIsLea1.jpg,https://image.tmdb.org/t/p/w500/x4tC1s6oFG9nEyxVSM0FiIsLea1.jpg
145220,/o9mGTVnnsqMS3Oh2IloPKPpLiL3.jpg,https://image.tmdb.org/t/p/w500/o9mGTVnnsqMS3Oh2IloPKPpLiL3.jpg
119360,/bvwPVIo33VT192KRx4aBiWTQ5Fc.jpg,https://image.tmdb.org/t/p/w500/bvwPVIo33VT192KRx4aBiWTQ5Fc.jpg
256561,/ohLJT2UiFLsiw3SeXrbw6dxT7Fg.jpg,https://image.tmdb.org/t/p/w500/ohLJT2UiFLsiw3SeXrbw6dxT7Fg.jpg
209799,/8BiCtoif98SAhSRRNfshRL75xCW.jpg,https://image.tmdb.org/t/p/w500/8BiCtoif98SAhSRRNfshRL75xCW.jpg
180299,/olA39iaXISiKEkACdELgr0ZRvIF.jpg,https://image.tmdb.org/t/p/w500/olA39iaXISiKEkACdELgr0ZRvIF.jpg
25706,/cKafo8AqHsFi42uAmRUn334HQn8.jpg,https://image.tmdb.org/t/p/w500/cKafo8AqHsFi42uAmRUn334HQn8.jpg
102382,/dGjoPttcbKR5VWg1jQuNFB247KL.jpg,https://image.tmdb.org/t/p/w500/dGjoPttcbKR5VWg1jQuNFB247KL.jpg
157832,/dQMjyTA3L2pPkMGzh3bhrDQbhWy.jpg,https://image.tmdb.org/t/p/w500/dQMjyTA3L2pPkMGzh3bhrDQbhWy.jpg
157547,/yCzR1yKRLiJyTDLgY1ppazXEmdE.jpg,https://image.tmdb.org/t/p/w500/yCzR1yKRLiJyTDLgY1ppazXEmdE.jpg
249660,/yKUzBolWrwyByevBtDPfy3kIumv.jpg,https://image.tmdb.org/t/p/w500/yKUzBolWrwyByevBtDPfy3kIumv.jpg
244509,/i58D3vIxp7OF1bd5wLQ6Y67e3PL.jpg,https://image.tmdb.org/t/p/w500/i58D3vIxp7OF1bd5wLQ6Y67e3PL.jpg
172385,/gVNTBrjxh2YRmQFjlaqrNbHVvrd.jpg,https://image.tmdb.org/t/p/w500/gVNTBrjxh2YRmQFjlaqrNbHVvrd.jpg
262481,/sXgXPtynmZnLLISonrrc7XtrLKv.jpg,https://image.tmdb.org/t/p/w500/sXgXPtynmZnLLISonrrc7XtrLKv.jpg
214030,/bThnmRhh0d3oKcmte2w0aArm8Lq.jpg,https://image.tmdb.org/t/p/w500/bThnmRhh0d3oKcmte2w0aArm8Lq.jpg
157353,/qmOKJWl3wnXDcLhjtJHnCCCvAiO.jpg,https://image.tmdb.org/t/p/w500/qmOKJWl3wnXDcLhjtJHnCCCvAiO.jpg
167575,/kbSuJBmPXn72SibvzXk6eGVo1D2.jpg,https://image.tmdb.org/t/p/w500/kbSuJBmPXn72SibvzXk6eGVo1D2.jpg
193610,/yHnbb6z8REuFIyBLT2Nj3MX54dY.jpg,https://image.tmdb.org/t/p/w500/yHnbb6z8REuFIyBLT2Nj3MX54dY.jpg
184345,/oV7M00fPXy5P0nbdeMbSUjYv0vx.jpg,https://image.tmdb.org/t/p/w500/oV7M00fPXy5P0nbdeMbSUjYv0vx.jpg
12242,/ovAxLGM0I9Dn2DIUuYhgvNVbwht.jpg,https://image.tmdb.org/t/p/w500/ovAxLGM0I9Dn2DIUuYhgvNVbwht.jpg
254473,/6OopiNRk7lWP0hPsY0eYqq2kQTi.jpg,https://image.tmdb.org/t/p/w500/6OopiNRk7lWP0hPsY0eYqq2kQTi.jpg
210479,/tTREq5tTyYwmSLDRMhybJ82zXcX.jpg,https://image.tmdb.org/t/p/w500/tTREq5tTyYwmSLDRMhybJ82zXcX.jpg
195589,/sN1RU08CMi8xkRIibremh3AOdgw.jpg,https://image.tmdb.org/t/p/w500/sN1RU08CMi8xkRIibremh3AOdgw.jpg
252680,/gP97yU8YrVZY2yLxTwsicS8KuSe.jpg,https://image.tmdb.org/t/p/w500/gP97yU8YrVZY2yLxTwsicS8KuSe.jpg
258096,/nHNjwY0C2OAWqGDAq6roJk3Hn5O.jpg,https://image.tmdb.org/t/p/w500/nHNjwY0C2OAWqGDAq6roJk3Hn5O.jpg
240832,/kRbpUTRNm6QbLQFPFWUcNC4czEm.jpg,https://image.tmdb.org/t/p/w500/kRbpUTRNm6QbLQFPFWUcNC4czEm.jpg
127585,/tYfijzolzgoMOtegh1Y7j2Enorg.jpg,https://image.tmdb.org/t/p/w500/tYfijzolzgoMOtegh1Y7j2Enorg.jpg
124905,/zokD6uxR2iWfYM3Y84yGJvnNTK7.jpg,https://image.tmdb.org/t/p/w500/zokD6uxR2iWfYM3Y84yGJvnNTK7.jpg
188166,/q0itEsso2drJXqH9kfdidxIT5dF.jpg,https://image.tmdb.org/t/p/w500/q0itEsso2drJXqH9kfdidxIT5dF.jpg
187596,/3zMS66gtw8ccvy1BWD6thJ67jgX.jpg,https://image.tmdb.org/t/p/w500/3zMS66gtw8ccvy1BWD6thJ67jgX.jpg
212778,/hyp8EXDmO4dSC8V6Q5jU7gD1kcg.jpg,https://image.tmdb.org/t/p/w500/hyp8EXDmO4dSC8V6Q5jU7gD1kcg.jpg
210947,/bMkRWgAvwe0XkpL8swG7UA4N4Q8.jpg,https://image.tmdb.org/t/p/w500/bMkRWgAvwe0XkpL8swG7UA4N4Q8.jpg
232672,/o2YrH9jS7CAfWjETHFeL0tth79E.jpg,https://image.tmdb.org/t/p/w500/o2YrH9jS7CAfWjETHFeL0tth79E.jpg
198277,/qx4HXHXt528hS4rwePZbZo20xqZ.jpg,https://image.tmdb.org/t/p/w500/qx4HXHXt528hS4rwePZbZo20xqZ.jpg
102651,/bDG3yei6AJlEAK3A5wN7RwFXQ7V.jpg,https://image.tmdb.org/t/p/w500/bDG3yei6AJlEAK3A5wN7RwFXQ7V.jpg
254474,/gdb7v5GCfijrCjOjzbziGMGs6JA.jpg,https://image.tmdb.org/t/p/w500/gdb7v5GCfijrCjOjzbziGMGs6JA.jpg
194722,/6hhXewoxobQ0C6sWFmvnsslvZOB.jpg,https://image.tmdb.org/t/p/w500/6hhXewoxobQ0C6sWFmvnsslvZOB.jpg
137698,/2qbsG9t943DciYTHITISzXQltqt.jpg,https://image.tmdb.org/t/p/w500/2qbsG9t943DciYTHITISzXQltqt.jpg
188161,/n9SicwnoNGWBwE75le27sUhCLMm.jpg,https://image.tmdb.org/t/p/w500/n9SicwnoNGWBwE75le27sUhCLMm.jpg
137113,/c4BEWLbXyPiXNFaDt57HAgekCqw.jpg,https://image.tmdb.org/t/p/w500/c4BEWLbXyPiXNFaDt57HAgekCqw.jpg
177677,/jwqL7croP7JMVfz0l9o7V4yJsJO.jpg,https://image.tmdb.org/t/p/w500/jwqL7croP7JMVfz0l9o7V4yJsJO.jpg
20880,/q9JKL5NFOTQEJ1mBaBIhWJrAoe3.jpg,https://image.tmdb.org/t/p/w500/q9JKL5NFOTQEJ1mBaBIhWJrAoe3.jpg
198185,/nO5Hq7fJhxmhuycELyVX6FamOjl.jpg,https://image.tmdb.org/t/p/w500/nO5Hq7fJhxmhuycELyVX6FamOjl.jpg
174323,/f4fR1WMgSv7K93ZPoJlPyvaApdE.jpg,https://image.tmdb.org/t/p/w500/f4fR1WMgSv7K93ZPoJlPyvaApdE.jpg
192133,/j1bmOXGXQ1pcqvHkVjsk0sXaF5e.jpg,https://image.tmdb.org/t/p/w500/j1bmOXGXQ1pcqvHkVjsk0sXaF5e.jpg
248212,/1FevzSkxlAYnu3fsU3NWJnUoWZP.jpg,https://image.tmdb.org/t/p/w500/1FevzSkxlAYnu3fsU3NWJnUoWZP.jpg
255268,/h51RmbFvlkIszrAjJD40H2jLd9W.jpg,https://image.tmdb.org/t/p/w500/h51RmbFvlkIszrAjJD40H2jLd9W.jpg
222935,/ep7dF4QR4Mm39LI958V0XbwE0hK.jpg,https://image.tmdb.org/t/p/w500/ep7dF4QR4Mm39LI958V0XbwE0hK.jpg
82881,/ak5SCuJbdf8G4NbQ1KIUHjplrF1.jpg,https://image.tmdb.org/t/p/w500/ak5SCuJbdf8G4NbQ1KIUHjplrF1.jpg
157851,/aoMNfiaMmT7o7wY8oXWCLErZtah.jpg,https://image.tmdb.org/t/p/w500/aoMNfiaMmT7o7wY8oXWCLErZtah.jpg
187017,/850chzYHYbT3IISl6Q7dbBuFP2B.jpg,https://image.tmdb.org/t/p/w500/850chzYHYbT3IISl6Q7dbBuFP2B.jpg
156022,/9u4yW7yPA0BQ2pv9XwiNzItwvp8.jpg,https://image.tmdb.org/t/p/w500/9u4yW7yPA0BQ2pv9XwiNzItwvp8.jpg
82702,/d13Uj86LdbDLrfDoHR5aDOFYyJC.jpg,https://image.tmdb.org/t/p/w500/d13Uj86LdbDLrfDoHR5aDOFYyJC.jpg
194662,/rHUg2AuIuLSIYMYFgavVwqt1jtc.jpg,https://image.tmdb.org/t/p/w500/rHUg2AuIuLSIYMYFgavVwqt1jtc.jpg
85350,/2BvtvDUyxiMJ4dmKfiQf4qdOHQN.jpg,https://image.tmdb.org/t/p/w500/2BvtvDUyxiMJ4dmKfiQf4qdOHQN.jpg
184098,/bsKfhf0y9Zx7h4j5GHu1JANpKwl.jpg,https://image.tmdb.org/t/p/w500/bsKfhf0y9Zx7h4j5GHu1JANpKwl.jpg
209451,/kz956Y83YtT6vTyg0Q40mzRe2UM.jpg,https://image.tmdb.org/t/p/w500/kz956Y83YtT6vTyg0Q40mzRe2UM.jpg
27460,/4T0YjvnBaMASZkkRKxMIe6IoWO0.jpg,https://image.tmdb.org/t/p/w500/4T0YjvnBaMASZkkRKxMIe6IoWO0.jpg
250658,/6yfXtkVPWxeU3OonoKDem4Hrdbb.jpg,https://image.tmdb.org/t/p/w500/6yfXtkVPWxeU3OonoKDem4Hrdbb.jpg
91314,/jyzrfx2WaeY60kYZpPYepSjGz4S.jpg,https://image.tmdb.org/t/p/w500/jyzrfx2WaeY60kYZpPYepSjGz4S.jpg
171372,/mGzqs4CHW8LomreoPATnyrTXk7j.jpg,https://image.tmdb.org/t/p/w500/mGzqs4CHW8LomreoPATnyrTXk7j.jpg
180296,/ifvKTtvmPYOGed2hP9ogPq98In7.jpg,https://image.tmdb.org/t/p/w500/ifvKTtvmPYOGed2hP9ogPq98In7.jpg
186988,/s7QhAAnHcwc9w45pGQLrBUJwdxh.jpg,https://image.tmdb.org/t/p/w500/s7QhAAnHcwc9w45pGQLrBUJwdxh.jpg
218836,/pOmteFeBDI9FJOPTDvYJYFeAtdp.jpg,https://image.tmdb.org/t/p/w500/pOmteFeBDI9FJOPTDvYJYFeAtdp.jpg
226486,/efsVMziwE9BNTDX5fNmYVA5oAzJ.jpg,https://image.tmdb.org/t/p/w500/efsVMziwE9BNTDX5fNmYVA5oAzJ.jpg
64246,/aSM1ki4WSEgvPYMZ9K28aylImFF.jpg,https://image.tmdb.org/t/p/w500/aSM1ki4WSEgvPYMZ9K28aylImFF.jpg
242224,/qt3fqapeo94TfvMyld8P7gkpXLz.jpg,https://image.tmdb.org/t/p/w500/qt3fqapeo94TfvMyld8P7gkpXLz.jpg
244786,/7fn624j5lj3xTme2SgiLCeuedmO.jpg,https://image.tmdb.org/t/p/w500/7fn624j5lj3xTme2SgiLCeuedmO.jpg
210577,/ts996lKsxvjkO2yiYG0ht4qAicO.jpg,https://image.tmdb.org/t/p/w500/ts996lKsxvjkO2yiYG0ht4qAicO.jpg
152790,/v0tiYRNhMYbefWlgWFmbhXiOwjr.jpg,https://image.tmdb.org/t/p/w500/v0tiYRNhMYbefWlgWFmbhXiOwjr.jpg
119450,/kScdQEwS9jPEdnO23XjGAtaoRcT.jpg,https://image.tmdb.org/t/p/w500/kScdQEwS9jPEdnO23XjGAtaoRcT.jpg
184346,/Uz32ERsyCmGwV8Eg2wmT2ooWpo.jpg,https://image.tmdb.org/t/p/w500/Uz32ERsyCmGwV8Eg2wmT2ooWpo.jpg
253235,/mp6aEHJa1SUQD0BvmbytvVjHk8.jpg,https://image.tmdb.org/t/p/w500/mp6aEHJa1SUQD0BvmbytvVjHk8.jpg
225886,/pFdS7SIdjcrYXtf141dabWVly9B.jpg,https://image.tmdb.org/t/p/w500/pFdS7SIdjcrYXtf141dabWVly9B.jpg
244267,/2P31jhd1dWUAPD8dmnSrwkQ8CNN.jpg,https://image.tmdb.org/t/p/w500/2P31jhd1dWUAPD8dmnSrwkQ8CNN.jpg
238636,/qwqHHZLZSUvMkAMQ47ymtfjEifY.jpg,https://image.tmdb.org/t/p/w500/qwqHHZLZSUvMkAMQ47ymtfjEifY.jpg
118340,/r7vmZjiyZw9rpJMQJdXpjgiCOk9.jpg,https://image.tmdb.org/t/p/w500/r7vmZjiyZw9rpJMQJdXpjgiCOk9.jpg
242095,/r5v3gzfxtnO9bKebs5Ujee6LLP1.jpg,https://image.tmdb.org/t/p/w500/r5v3gzfxtnO9bKebs5Ujee6LLP1.jpg
138103,/ruW3malZtlg66ODfg614dFbXO68.jpg,https://image.tmdb.org/t/p/w500/ruW3malZtlg66ODfg614dFbXO68.jpg
184315,/5X3VOy9lD44VclKsWTi8gHZGjhL.jpg,https://image.tmdb.org/t/p/w500/5X3VOy9lD44VclKsWTi8gHZGjhL.jpg
157849,/6B76Z5Ct758RfKFoFg37skVRiMp.jpg,https://image.tmdb.org/t/p/w500/6B76Z5Ct758RfKFoFg37skVRiMp.jpg
244566,/4ZQ8LoU9SwSxSrmc3aOtHmruk26.jpg,https://image.tmdb.org/t/p/w500/4ZQ8LoU9SwSxSrmc3aOtHmruk26.jpg
209269,/b36OAp2q5m0oZ4oUcwg2B0cTHrV.jpg,https://image.tmdb.org/t/p/w500/b36OAp2q5m0oZ4oUcwg2B0cTHrV.jpg
239566,/dVbGeU5agxFGcJnL5hk4uO8W7i2.jpg,https://image.tmdb.org/t/p/w500/dVbGeU5agxFGcJnL5hk4uO8W7i2.jpg
229297,/mNYZUVDj4ORSPHWinmqJbXyuG6W.jpg,https://image.tmdb.org/t/p/w500/mNYZUVDj4ORSPHWinmqJbXyuG6W.jpg
228194,/1vFhSr7INoulu18smHqicft05i8.jpg,https://image.tmdb.org/t/p/w500/1vFhSr7INoulu18smHqicft05i8.jpg
253306,/jPKEeHmUuoDnIaRs6VUqSr4qRGR.jpg,https://image.tmdb.org/t/p/w500/jPKEeHmUuoDnIaRs6VUqSr4qRGR.jpg
242643,/b9KxvIAZkl2f57kjObj8Z9z9LhL.jpg,https://image.tmdb.org/t/p/w500/b9KxvIAZkl2f57kjObj8Z9z9LhL.jpg
192623,/WEfZOov8X9tZ68oorepZnNTBEA.jpg,https://image.tmdb.org/t/p/w500/WEfZOov8X9tZ68oorepZnNTBEA.jpg
244610,/iC6Ku4hP613Y55r2yypahsEKdly.jpg,https://image.tmdb.org/t/p/w500/iC6Ku4hP613Y55r2yypahsEKdly.jpg
98566,/azL2ThbJMIkts3ZMt3j1YgBUeDB.jpg,https://image.tmdb.org/t/p/w500/azL2ThbJMIkts3ZMt3j1YgBUeDB.jpg
76757,/z8dXSSadzpfTF2wHQlREkuB4d5y.jpg,https://image.tmdb.org/t/p/w500/z8dXSSadzpfTF2wHQlREkuB4d5y.jpg
273404,/3osrKXIz5OkSrpnEt1hqHAAyvbd.jpg,https://image.tmdb.org/t/p/w500/3osrKXIz5OkSrpnEt1hqHAAyvbd.jpg
48347,/bh3xjLeLTSxtgoMkyGwE62tg1Ty.jpg,https://image.tmdb.org/t/p/w500/bh3xjLeLTSxtgoMkyGwE62tg1Ty.jpg
227156,/dul62Av4pgi5x8LP7ELHzNyka9Z.jpg,https://image.tmdb.org/t/p/w500/dul62Av4pgi5x8LP7ELHzNyka9Z.jpg
286709,/vnM4uANJz8cDLvBZUVFFqfLsIty.jpg,https://image.tmdb.org/t/p/w500/vnM4uANJz8cDLvBZUVFFqfLsIty.jpg
174337,/rIYgspS4xulnonEUG2Xh3VXfDt0.jpg,https://image.tmdb.org/t/p/w500/rIYgspS4xulnonEUG2Xh3VXfDt0.jpg
193893,/pf4FoUr2phn5WyZjU7rLXSiW1Ve.jpg,https://image.tmdb.org/t/p/w500/pf4FoUr2phn5WyZjU7rLXSiW1Ve.jpg
242022,/xP328XWLccsitiTTClWGTNlwz48.jpg,https://image.tmdb.org/t/p/w500/xP328XWLccsitiTTClWGTNlwz48.jpg
211067,/thdioQOYqqusDUfT6trgwMIoNaQ.jpg,https://image.tmdb.org/t/p/w500/thdioQOYqqusDUfT6trgwMIoNaQ.jpg
189,/50kALxDX4mmzIRljbNbPY0u4cie.jpg,https://image.tmdb.org/t/p/w500/50kALxDX4mmzIRljbNbPY0u4cie.jpg
249164,/7Twh8h3Wh7GC9npTAEUThgkxkWL.jpg,https://image.tmdb.org/t/p/w500/7Twh8h3Wh7GC9npTAEUThgkxkWL.jpg
220289,/ezUtb9m5DeLwL2gxi4gktzNCvQv.jpg,https://image.tmdb.org/t/p/w500/ezUtb9m5DeLwL2gxi4gktzNCvQv.jpg
221902,/2qpZZ5a5Axpk8OeCtrvNTQfJiB2.jpg,https://image.tmdb.org/t/p/w500/2qpZZ5a5Axpk8OeCtrvNTQfJiB2.jpg
256274,/oJZSajKLJkoTOzSZQN2ZwRnPwHZ.jpg,https://image.tmdb.org/t/p/w500/oJZSajKLJkoTOzSZQN2ZwRnPwHZ.jpg
242090,/ewsYTI6KKQw3IDPFmVVbHq89kxv.jpg,https://image.tmdb.org/t/p/w500/ewsYTI6KKQw3IDPFmVVbHq89kxv.jpg
88573,/wuZ6uVkuaKfehCSKMKb5SznEkpc.jpg,https://image.tmdb.org/t/p/w500/wuZ6uVkuaKfehCSKMKb5SznEkpc.jpg
241848,/8hGMD8PhOJrzkew0RZyOWqDhGJR.jpg,https://image.tmdb.org/t/p/w500/8hGMD8PhOJrzkew0RZyOWqDhGJR.jpg
234200,/mrITqHNw0XzT7egAPByDuiE3QZf.jpg,https://image.tmdb.org/t/p/w500/mrITqHNw0XzT7egAPByDuiE3QZf.jpg
